Metric,Configurations,p-value,Effect_size
SCS,20-20/random,9.064269431280415e-36,large
SCS,20-40/random,6.9301414072072365e-34,large
SCS,40-20/random,1.448415798051391e-34,large
SCS,40-40/random,2.7016368692341675e-35,large
FTG,20-20/random,1.153437325751789e-31,medium
FTG,20-40/random,6.561550283594061e-34,medium
FTG,40-20/random,4.13629449880647e-30,medium
FTG,40-40/random,9.178803029973311e-35,medium
