Metric,Configurations,p-value,Effect_size
SCS,20-20/random,5.630270430558284e-24,large
SCS,20-40/random,2.777728640062028e-21,large
SCS,40-20/random,1.3254600942941645e-24,large
SCS,40-40/random,5.331700829377577e-26,large
FTG,20-20/random,9.454435656691501e-36,large
FTG,20-40/random,1.1507592290966988e-35,large
FTG,40-20/random,1.1507592290966988e-35,large
FTG,40-40/random,1.679914130846304e-35,large
